{
  "backtest_sharpe": -0.45308695750989814,
  "backtest_mae": 0.061970073762643726,
  "backtest_dir_acc": 0.49498377102390084,
  "n": 6778
}