{
  "val_best_loss": 0.002360779414733487,
  "test_loss": 0.001168441327276876,
  "test_mae": 0.023490983992815018,
  "test_direction_acc": 0.5237543453070683,
  "n_test": 863
}