{
  "val_best_loss": 0.002361581524809187,
  "test_loss": 0.0011630782880766312,
  "test_mae": 0.023428790271282196,
  "test_direction_acc": 0.525522041763341,
  "n_test": 862
}